-- Insert data into TBL_LOCATION
INSERT INTO TBL_LOCATION (LOCATION_ID, CITY, ADDRESS, DETAIL)
VALUES (1, 'New York', '123 Main St', 'Near Central Park');
INSERT INTO TBL_LOCATION (LOCATION_ID, CITY, ADDRESS, DETAIL)
VALUES (2, 'San Francisco', '456 Market St', 'Downtown');
INSERT INTO TBL_LOCATION (LOCATION_ID, CITY, ADDRESS, DETAIL)
VALUES (3, 'Chicago', '789 Lake Shore Dr', 'Near the lake');

-- Insert data into TBL_ORGANIZATION
INSERT INTO TBL_ORGANIZATION (ORGANIZATION_ID, LOCATION_ID, EMAIL, PASSWORD, NAME, PHONE_NUMBER, EMAIL_APPROVE, PHONE_APPROVE, REP_NAME, REP_PHONE_NUMBER, FILE_LOCATION, STATUS)
VALUES (1, 1, 'org1@example.com', 'password1', 'Org One', '123-456-7890', 1, 1, 'John Doe', '123-456-7891', '/files/org1', 'Active');
INSERT INTO TBL_ORGANIZATION (ORGANIZATION_ID, LOCATION_ID, EMAIL, PASSWORD, NAME, PHONE_NUMBER, EMAIL_APPROVE, PHONE_APPROVE, REP_NAME, REP_PHONE_NUMBER, FILE_LOCATION, STATUS)
VALUES (2, 2, 'org2@example.com', 'password2', 'Org Two', '223-456-7890', 1, 1, 'Jane Smith', '223-456-7891', '/files/org2', 'Active');

-- Insert data into TBL_USER
INSERT INTO TBL_USER (USER_ID, LOCATION_ID, EMAIL, PASSWORD, NAME, PHONE_NUMBER, EMAIL_APPROVE, PHONE_APPROVE, INTRODUCTION)
VALUES (1, 1, 'user1@example.com', 'password1', 'User One', '323-456-7890', 1, 1, 'Hello, I am User One.');
INSERT INTO TBL_USER (USER_ID, LOCATION_ID, EMAIL, PASSWORD, NAME, PHONE_NUMBER, EMAIL_APPROVE, PHONE_APPROVE, INTRODUCTION)
VALUES (2, 2, 'user2@example.com', 'password2', 'User Two', '423-456-7890', 1, 1, 'Hello, I am User Two.');

-- Insert data into TBL_VOLUNTEER
INSERT INTO TBL_VOLUNTEER (VOLUNTEER_ID, LOCATION_ID, ORGANIZATION_ID, TITLE, CONTENT, CATEGORY, TARGET, RECRUIT_END_DATE, VOLUNTEER_DATE)
VALUES (1, 1, 1, 'Volunteer Event 1', 'Help us clean the park', 'Environment', 'Everyone', SYSDATE + 10, SYSDATE + 15);
INSERT INTO TBL_VOLUNTEER (VOLUNTEER_ID, LOCATION_ID, ORGANIZATION_ID, TITLE, CONTENT, CATEGORY, TARGET, RECRUIT_END_DATE, VOLUNTEER_DATE)
VALUES (2, 2, 2, 'Volunteer Event 2', 'Help us feed the homeless', 'Social', 'Adults', SYSDATE + 20, SYSDATE + 25);

-- Insert data into TBL_APPLIED_VOLUNTEER
INSERT INTO TBL_APPLIED_VOLUNTEER (APPLIED_VOLUNTEER_ID, VOLUNTEER_ID, USER_ID, APPLIED_DATE, STATUS)
VALUES (1, 1, 1, SYSDATE, 'Pending');
INSERT INTO TBL_APPLIED_VOLUNTEER (APPLIED_VOLUNTEER_ID, VOLUNTEER_ID, USER_ID, APPLIED_DATE, STATUS)
VALUES (2, 2, 2, SYSDATE, 'Accepted');

-- Insert data into TBL_USER_NOTIFICATION
INSERT INTO TBL_USER_NOTIFICATION (USER_NOTIFICATION_ID, USER_ID, TITLE, CONTENT, STATUS)
VALUES (1, 1, 'Notification 1', 'You have a new message.', 'Unread');
INSERT INTO TBL_USER_NOTIFICATION (USER_NOTIFICATION_ID, USER_ID, TITLE, CONTENT, STATUS)
VALUES (2, 2, 'Notification 2', 'Your application was accepted.', 'Unread');

-- Insert data into TBL_ORGANIZATION_NOTIFICATION
INSERT INTO TBL_ORGANIZATION_NOTIFICATION (ORGANIZATION_NOTIFICATION_ID, ORGANIZATION_ID, TITLE, CONTENT, STATUS)
VALUES (1, 1, 'Org Notification 1', 'A new volunteer has signed up.', 'Unread');
INSERT INTO TBL_ORGANIZATION_NOTIFICATION (ORGANIZATION_NOTIFICATION_ID, ORGANIZATION_ID, TITLE, CONTENT, STATUS)
VALUES (2, 2, 'Org Notification 2', 'Your event is approved.', 'Unread');

-- Insert data into TBL_USER_REVIEW
INSERT INTO TBL_USER_REVIEW (USER_REVIEW_ID, USER_ID, ORGANIZATION_ID, CONTENT, RATING)
VALUES (1, 1, 1, 'Great organization!', 5);
INSERT INTO TBL_USER_REVIEW (USER_REVIEW_ID, USER_ID, ORGANIZATION_ID, CONTENT, RATING)
VALUES (2, 2, 2, 'Very helpful!', 4);

-- Insert data into TBL_ORGANIZATION_REVIEW
INSERT INTO TBL_ORGANIZATION_REVIEW (ORGANIZATION_REVIEW_ID, ORGANIZATION_ID, USER_ID, CONTENT, RATING)
VALUES (1, 1, 1, 'Great volunteer!', 5);
INSERT INTO TBL_ORGANIZATION_REVIEW (ORGANIZATION_REVIEW_ID, ORGANIZATION_ID, USER_ID, CONTENT, RATING)
VALUES (2, 2, 2, 'Very dedicated!', 4);

-- Insert data into TBL_ANONYMOUS
INSERT INTO TBL_ANONYMOUS (ANONYMOUS_ID, USER_ID, TITLE, CONTENT)
VALUES (1, 1, 'Anonymous Post 1', 'This is an anonymous post.');
INSERT INTO TBL_ANONYMOUS (ANONYMOUS_ID, USER_ID, TITLE, CONTENT)
VALUES (2, 2, 'Anonymous Post 2', 'This is another anonymous post.');

-- Insert data into TBL_ANONYMOUS_COMMENT
INSERT INTO TBL_ANONYMOUS_COMMENT (ANONYMOUS_COMMENT_ID, ANONYMOUS_ID, USER_ID, CONTENT)
VALUES (1, 1, 2, 'This is a comment.');
INSERT INTO TBL_ANONYMOUS_COMMENT (ANONYMOUS_COMMENT_ID, ANONYMOUS_ID, USER_ID, CONTENT)
VALUES (2, 2, 1, 'This is another comment.');

-- Insert data into TBL_ANNOUNCEMENT
INSERT INTO TBL_ANNOUNCEMENT (ANNOUNCEMENT_ID, TITLE, CONTENT)
VALUES (1, 'Announcement 1', 'This is an announcement.');
INSERT INTO TBL_ANNOUNCEMENT (ANNOUNCEMENT_ID, TITLE, CONTENT)
VALUES (2, 'Announcement 2', 'This is another announcement.');

-- Insert data into TBL_STORY
INSERT INTO TBL_STORY (STORY_ID, USER_ID, ANONYMOUS_ID, APPLIED_VOLUNTEER_ID, TITLE, CONTENT)
VALUES (1, 1, 1, 1, 'Story 1', 'This is a story.');
INSERT INTO TBL_STORY (STORY_ID, USER_ID, ANONYMOUS_ID, APPLIED_VOLUNTEER_ID, TITLE, CONTENT)
VALUES (2, 2, 2, 2, 'Story 2', 'This is another story.');

-- Insert data into TBL_STORY_IMG
INSERT INTO TBL_STORY_IMG (STORY_IMG_ID, STORY_ID, FILE_LOCATION)
VALUES (1, 1, '/images/story1.jpg');
INSERT INTO TBL_STORY_IMG (STORY_IMG_ID, STORY_ID, FILE_LOCATION)
VALUES (2, 2, '/images/story2.jpg');

-- Insert data into TBL_STORY_COMMENT
INSERT INTO TBL_STORY_COMMENT (STORY_COMMENT_ID, STORY_ID, USER_ID, CONTENT)
VALUES (1, 1, 2, 'Great story!');
INSERT INTO TBL_STORY_COMMENT (STORY_COMMENT_ID, STORY_ID, USER_ID, CONTENT)
VALUES (2, 2, 1, 'Interesting story!');

-- Insert data into TBL_STORY_LIKE
INSERT INTO TBL_STORY_LIKE (STORY_LIKE_ID, STORY_ID, USER_ID)
VALUES (1, 1, 2);
INSERT INTO TBL_STORY_LIKE (STORY_LIKE_ID, STORY_ID, USER_ID)
VALUES (2, 2, 1);
